-- phpMyAdmin SQL Dump
-- version 5.0.2
-- https://www.phpmyadmin.net/
--
-- Host: 127.0.0.1
-- Generation Time: May 12, 2020 at 11:51 PM
-- Server version: 10.4.11-MariaDB
-- PHP Version: 7.4.5

SET SQL_MODE = "NO_AUTO_VALUE_ON_ZERO";
START TRANSACTION;
SET time_zone = "+00:00";


/*!40101 SET @OLD_CHARACTER_SET_CLIENT=@@CHARACTER_SET_CLIENT */;
/*!40101 SET @OLD_CHARACTER_SET_RESULTS=@@CHARACTER_SET_RESULTS */;
/*!40101 SET @OLD_COLLATION_CONNECTION=@@COLLATION_CONNECTION */;
/*!40101 SET NAMES utf8mb4 */;

--
-- Database: `food`
--

-- --------------------------------------------------------

--
-- Table structure for table `items`
--

CREATE TABLE `items` (
  `id` int(11) NOT NULL,
  `name` varchar(20) NOT NULL,
  `price` int(11) NOT NULL,
  `deleted` tinyint(4) NOT NULL DEFAULT 0
) ENGINE=InnoDB DEFAULT CHARSET=latin1;

--
-- Dumping data for table `items`
--

INSERT INTO `items` (`id`, `name`, `price`, `deleted`) VALUES
(6, 'ice craeem', 5, 0),
(7, 'pizze', 10, 0),
(8, 'cake pic', 15, 0),
(9, 'cup cake', 23, 0);

-- --------------------------------------------------------

--
-- Table structure for table `orders`
--

CREATE TABLE `orders` (
  `id` int(11) NOT NULL,
  `customer_id` int(11) NOT NULL,
  `address` varchar(300) NOT NULL,
  `description` varchar(300) NOT NULL,
  `date` datetime NOT NULL DEFAULT current_timestamp(),
  `payment_type` varchar(16) NOT NULL DEFAULT 'Wallet',
  `total` int(11) NOT NULL,
  `status` varchar(25) NOT NULL DEFAULT 'Yet to be delivered',
  `deleted` tinyint(4) NOT NULL DEFAULT 0
) ENGINE=InnoDB DEFAULT CHARSET=latin1;

--
-- Dumping data for table `orders`
--

INSERT INTO `orders` (`id`, `customer_id`, `address`, `description`, `date`, `payment_type`, `total`, `status`, `deleted`) VALUES
(15, 5, 'gaza street', '', '2020-05-11 20:50:53', 'Cash On Delivery', 76, 'Yet to be delivered', 0),
(16, 5, 'Gaza Street', '', '2020-05-12 00:25:09', 'Cash On Delivery', 90, 'Yet to be delivered', 0),
(17, 5, 'Gaza Street45', '', '2020-05-12 00:36:12', 'Cash On Delivery', 0, 'Yet to be delivered', 0);

-- --------------------------------------------------------

--
-- Table structure for table `order_details`
--

CREATE TABLE `order_details` (
  `id` int(11) NOT NULL,
  `order_id` int(11) NOT NULL,
  `item_id` int(11) NOT NULL,
  `quantity` int(11) NOT NULL,
  `price` int(11) NOT NULL
) ENGINE=InnoDB DEFAULT CHARSET=latin1;

--
-- Dumping data for table `order_details`
--

INSERT INTO `order_details` (`id`, `order_id`, `item_id`, `quantity`, `price`) VALUES
(24, 15, 8, 2, 30),
(25, 15, 9, 2, 46),
(26, 16, 8, 6, 90);

-- --------------------------------------------------------

--
-- Table structure for table `tickets`
--

CREATE TABLE `tickets` (
  `id` int(11) NOT NULL,
  `poster_id` int(11) NOT NULL,
  `subject` varchar(100) NOT NULL,
  `description` varchar(3000) NOT NULL,
  `status` varchar(8) NOT NULL DEFAULT 'Open',
  `type` varchar(30) NOT NULL DEFAULT 'Others',
  `date` datetime NOT NULL DEFAULT current_timestamp(),
  `deleted` tinyint(4) NOT NULL DEFAULT 0
) ENGINE=InnoDB DEFAULT CHARSET=latin1;

--
-- Dumping data for table `tickets`
--

INSERT INTO `tickets` (`id`, `poster_id`, `subject`, `description`, `status`, `type`, `date`, `deleted`) VALUES
(3, 5, 'Baraa Sallout card', 'i need my card numbers.', 'Open', 'Support', '2020-05-11 20:51:35', 0);

-- --------------------------------------------------------

--
-- Table structure for table `ticket_details`
--

CREATE TABLE `ticket_details` (
  `id` int(11) NOT NULL,
  `ticket_id` int(11) NOT NULL,
  `user_id` int(11) NOT NULL,
  `description` varchar(1000) NOT NULL,
  `date` datetime NOT NULL DEFAULT current_timestamp()
) ENGINE=InnoDB DEFAULT CHARSET=latin1;

--
-- Dumping data for table `ticket_details`
--

INSERT INTO `ticket_details` (`id`, `ticket_id`, `user_id`, `description`, `date`) VALUES
(6, 3, 5, 'i need my card numbers.', '2020-05-11 20:51:35');

-- --------------------------------------------------------

--
-- Table structure for table `users`
--

CREATE TABLE `users` (
  `id` int(11) NOT NULL,
  `role` varchar(15) NOT NULL DEFAULT 'Customer',
  `name` varchar(15) NOT NULL,
  `username` varchar(10) NOT NULL,
  `password` varchar(16) NOT NULL,
  `email` varchar(35) DEFAULT NULL,
  `address` varchar(300) DEFAULT NULL,
  `contact` bigint(11) NOT NULL,
  `verified` tinyint(1) NOT NULL DEFAULT 0,
  `deleted` tinyint(4) NOT NULL DEFAULT 0
) ENGINE=InnoDB DEFAULT CHARSET=latin1;

--
-- Dumping data for table `users`
--

INSERT INTO `users` (`id`, `role`, `name`, `username`, `password`, `email`, `address`, `contact`, `verified`, `deleted`) VALUES
(1, 'Administrator', 'Administrator', 'admin', 'admin', '', 'Address 1', 9898000000, 1, 0),
(2, 'Customer', 'Mohanned AbuHas', '120161005', '120161005', 'Mohanned@gmail.com', 'Address 2', 9898000001, 1, 0),
(3, 'Customer', 'Baraa Al-Astal ', '120161134', '120161134', 'Al-Astal@Al-Astal.com', 'Address 3', 9898000002, 1, 0),
(4, 'Customer', 'Moomen', '120161501', '120161501', '', '', 9898000003, 1, 0),
(5, 'Customer', 'Baraa  Salout', '120160721', '120160721', 'bsalout1@gmail.com', 'Gaza Street', 9898000004, 1, 0),
(9, 'Customer', 'basaa', 'bara', '123456789', 'bv@gma.conm', '356', 6565, 0, 0);

-- --------------------------------------------------------

--
-- Table structure for table `wallet`
--

CREATE TABLE `wallet` (
  `id` int(11) NOT NULL,
  `customer_id` int(11) NOT NULL
) ENGINE=InnoDB DEFAULT CHARSET=latin1;

--
-- Dumping data for table `wallet`
--

INSERT INTO `wallet` (`id`, `customer_id`) VALUES
(1, 1),
(2, 2),
(3, 3),
(4, 4),
(5, 5),
(9, 9);

-- --------------------------------------------------------

--
-- Table structure for table `wallet_details`
--

CREATE TABLE `wallet_details` (
  `id` int(11) NOT NULL,
  `wallet_id` int(11) NOT NULL,
  `number` varchar(16) NOT NULL,
  `cvv` int(3) NOT NULL,
  `balance` int(11) NOT NULL DEFAULT 2000
) ENGINE=InnoDB DEFAULT CHARSET=latin1;

--
-- Dumping data for table `wallet_details`
--

INSERT INTO `wallet_details` (`id`, `wallet_id`, `number`, `cvv`, `balance`) VALUES
(1, 1, '0', 0, 0),
(2, 2, '1887587142382050', 772, 1820),
(3, 3, '4595809639046830', 532, 1585),
(4, 4, '5475856443351234', 521, 2000),
(5, 5, '9076633115663264', 229, 2000),
(9, 9, '5464581687758776', 46, 2000);

--
-- Indexes for dumped tables
--

--
-- Indexes for table `items`
--
ALTER TABLE `items`
  ADD PRIMARY KEY (`id`),
  ADD UNIQUE KEY `name` (`name`),
  ADD UNIQUE KEY `id` (`id`);

--
-- Indexes for table `orders`
--
ALTER TABLE `orders`
  ADD PRIMARY KEY (`id`),
  ADD UNIQUE KEY `id` (`id`),
  ADD KEY `customer_id` (`customer_id`);

--
-- Indexes for table `order_details`
--
ALTER TABLE `order_details`
  ADD PRIMARY KEY (`id`),
  ADD UNIQUE KEY `id` (`id`),
  ADD KEY `item_id` (`item_id`),
  ADD KEY `order_id` (`order_id`);

--
-- Indexes for table `tickets`
--
ALTER TABLE `tickets`
  ADD PRIMARY KEY (`id`),
  ADD KEY `poster_id` (`poster_id`);

--
-- Indexes for table `ticket_details`
--
ALTER TABLE `ticket_details`
  ADD PRIMARY KEY (`id`),
  ADD KEY `ticket_id` (`ticket_id`),
  ADD KEY `user_id` (`user_id`);

--
-- Indexes for table `users`
--
ALTER TABLE `users`
  ADD PRIMARY KEY (`id`),
  ADD UNIQUE KEY `username` (`username`),
  ADD UNIQUE KEY `id` (`id`);

--
-- Indexes for table `wallet`
--
ALTER TABLE `wallet`
  ADD PRIMARY KEY (`id`),
  ADD UNIQUE KEY `customer_id` (`customer_id`),
  ADD UNIQUE KEY `id` (`id`);

--
-- Indexes for table `wallet_details`
--
ALTER TABLE `wallet_details`
  ADD PRIMARY KEY (`id`),
  ADD UNIQUE KEY `wallet_id` (`wallet_id`),
  ADD UNIQUE KEY `id` (`id`);

--
-- AUTO_INCREMENT for dumped tables
--

--
-- AUTO_INCREMENT for table `items`
--
ALTER TABLE `items`
  MODIFY `id` int(11) NOT NULL AUTO_INCREMENT, AUTO_INCREMENT=10;

--
-- AUTO_INCREMENT for table `orders`
--
ALTER TABLE `orders`
  MODIFY `id` int(11) NOT NULL AUTO_INCREMENT, AUTO_INCREMENT=18;

--
-- AUTO_INCREMENT for table `order_details`
--
ALTER TABLE `order_details`
  MODIFY `id` int(11) NOT NULL AUTO_INCREMENT, AUTO_INCREMENT=27;

--
-- AUTO_INCREMENT for table `tickets`
--
ALTER TABLE `tickets`
  MODIFY `id` int(11) NOT NULL AUTO_INCREMENT, AUTO_INCREMENT=4;

--
-- AUTO_INCREMENT for table `ticket_details`
--
ALTER TABLE `ticket_details`
  MODIFY `id` int(11) NOT NULL AUTO_INCREMENT, AUTO_INCREMENT=7;

--
-- AUTO_INCREMENT for table `users`
--
ALTER TABLE `users`
  MODIFY `id` int(11) NOT NULL AUTO_INCREMENT, AUTO_INCREMENT=10;

--
-- AUTO_INCREMENT for table `wallet`
--
ALTER TABLE `wallet`
  MODIFY `id` int(11) NOT NULL AUTO_INCREMENT, AUTO_INCREMENT=10;

--
-- AUTO_INCREMENT for table `wallet_details`
--
ALTER TABLE `wallet_details`
  MODIFY `id` int(11) NOT NULL AUTO_INCREMENT, AUTO_INCREMENT=10;

--
-- Constraints for dumped tables
--

--
-- Constraints for table `orders`
--
ALTER TABLE `orders`
  ADD CONSTRAINT `orders_ibfk_1` FOREIGN KEY (`customer_id`) REFERENCES `users` (`id`);

--
-- Constraints for table `order_details`
--
ALTER TABLE `order_details`
  ADD CONSTRAINT `order_details_ibfk_1` FOREIGN KEY (`item_id`) REFERENCES `items` (`id`),
  ADD CONSTRAINT `order_details_ibfk_2` FOREIGN KEY (`order_id`) REFERENCES `orders` (`id`);

--
-- Constraints for table `tickets`
--
ALTER TABLE `tickets`
  ADD CONSTRAINT `tickets_ibfk_1` FOREIGN KEY (`poster_id`) REFERENCES `users` (`id`);

--
-- Constraints for table `ticket_details`
--
ALTER TABLE `ticket_details`
  ADD CONSTRAINT `ticket_details_ibfk_1` FOREIGN KEY (`ticket_id`) REFERENCES `tickets` (`id`),
  ADD CONSTRAINT `ticket_details_ibfk_2` FOREIGN KEY (`user_id`) REFERENCES `users` (`id`);

--
-- Constraints for table `wallet`
--
ALTER TABLE `wallet`
  ADD CONSTRAINT `wallet_ibfk_1` FOREIGN KEY (`customer_id`) REFERENCES `users` (`id`);

--
-- Constraints for table `wallet_details`
--
ALTER TABLE `wallet_details`
  ADD CONSTRAINT `wallet_details_ibfk_1` FOREIGN KEY (`wallet_id`) REFERENCES `wallet` (`id`);
COMMIT;

/*!40101 SET CHARACTER_SET_CLIENT=@OLD_CHARACTER_SET_CLIENT */;
/*!40101 SET CHARACTER_SET_RESULTS=@OLD_CHARACTER_SET_RESULTS */;
/*!40101 SET COLLATION_CONNECTION=@OLD_COLLATION_CONNECTION */;
